[
  {
    "id": 9590247129381,
    "title": "Havells 20A Motor Starter Coral",
    "handle": "havells-20a-motor-starter-coral-ahcsmxw201",
    "body_html": "<p>Keep the water flowing with our efficient pumps and motors. Ideal for various applications, they provide consistent performance and are built to last.</p>",
    "published_at": "2024-08-21T04:41:41-04:00",
    "created_at": "2024-08-21T04:41:41-04:00",
    "updated_at": "2024-12-21T08:36:45-05:00",
    "vendor": "Havells",
    "product_type": "Plumbing",
    "tags": [
      "Electrical & Appliances",
      "Havells",
      "Switches",
      "Switches & Wiring Accessories"
    ],
    "variants": [
      {
        "id": 49560911544613,
        "title": "Default Title",
        "option1": "Default Title",
        "option2": null,
        "option3": null,
        "sku": "AHCSMXW201",
        "requires_shipping": true,
        "taxable": false,
        "featured_image": null,
        "available": false,
        "price": "668.00",
        "grams": 0,
        "compare_at_price": null,
        "position": 1,
        "product_id": 9590247129381,
        "created_at": "2024-08-21T04:41:42-04:00",
        "updated_at": "2024-12-21T08:36:45-05:00"
      }
    ],
    "images": [
      {
        "id": 47520518242597,
        "created_at": "2024-08-21T04:41:44-04:00",
        "position": 1,
        "updated_at": "2024-08-21T04:41:46-04:00",
        "product_id": 9590247129381,
        "variant_ids": [],
        "src": "https://cdn.shopify.com/s/files/1/0865/4245/0981/files/ahcsmxw201.jpg?v=1724229706",
        "width": 706,
        "height": 706
      }
    ],
    "options": [
      {
        "name": "Title",
        "position": 1,
        "values": [
          "Default Title"
        ]
      }
    ]
  },
  {
    "id": 9590246998309,
    "title": "Havells 25A Motor Starter Coral",
    "handle": "havells-25a-motor-starter-coral-ahcsmxw251",
    "body_html": "<p>Keep the water flowing with our efficient pumps and motors. Ideal for various applications, they provide consistent performance and are built to last.</p>",
    "published_at": "2024-08-21T04:41:35-04:00",
    "created_at": "2024-08-21T04:41:35-04:00",
    "updated_at": "2024-12-21T08:36:45-05:00",
    "vendor": "Havells",
    "product_type": "Plumbing",
    "tags": [
      "Electrical & Appliances",
      "Havells",
      "Switches",
      "Switches & Wiring Accessories"
    ],
    "variants": [
      {
        "id": 49560911282469,
        "title": "Default Title",
        "option1": "Default Title",
        "option2": null,
        "option3": null,
        "sku": "AHCSMXW251",
        "requires_shipping": true,
        "taxable": false,
        "featured_image": null,
        "available": false,
        "price": "681.00",
        "grams": 0,
        "compare_at_price": null,
        "position": 1,
        "product_id": 9590246998309,
        "created_at": "2024-08-21T04:41:35-04:00",
        "updated_at": "2024-12-21T08:36:45-05:00"
      }
    ],
    "images": [
      {
        "id": 47520518111525,
        "created_at": "2024-08-21T04:41:37-04:00",
        "position": 1,
        "updated_at": "2024-08-21T04:41:39-04:00",
        "product_id": 9590246998309,
        "variant_ids": [],
        "src": "https://cdn.shopify.com/s/files/1/0865/4245/0981/files/ahcsmxw251.jpg?v=1724229699",
        "width": 715,
        "height": 715
      }
    ],
    "options": [
      {
        "name": "Title",
        "position": 1,
        "values": [
          "Default Title"
        ]
      }
    ]
  },
  {
    "id": 9590246801701,
    "title": "Havells 32A Motor Starter Coral",
    "handle": "havells-32a-motor-starter-coral-ahcsmxw321",
    "body_html": "<p>Keep the water flowing with our efficient pumps and motors. Ideal for various applications, they provide consistent performance and are built to last.</p>",
    "published_at": "2024-08-21T04:41:28-04:00",
    "created_at": "2024-08-21T04:41:28-04:00",
    "updated_at": "2024-12-21T08:36:45-05:00",
    "vendor": "Havells",
    "product_type": "Plumbing",
    "tags": [
      "Electrical & Appliances",
      "Havells",
      "Switches",
      "Switches & Wiring Accessories"
    ],
    "variants": [
      {
        "id": 49560910856485,
        "title": "Default Title",
        "option1": "Default Title",
        "option2": null,
        "option3": null,
        "sku": "AHCSMXW321",
        "requires_shipping": true,
        "taxable": false,
        "featured_image": null,
        "available": false,
        "price": "771.00",
        "grams": 0,
        "compare_at_price": null,
        "position": 1,
        "product_id": 9590246801701,
        "created_at": "2024-08-21T04:41:28-04:00",
        "updated_at": "2024-12-21T08:36:45-05:00"
      }
    ],
    "images": [
      {
        "id": 47520517390629,
        "created_at": "2024-08-21T04:41:30-04:00",
        "position": 1,
        "updated_at": "2024-08-21T04:41:32-04:00",
        "product_id": 9590246801701,
        "variant_ids": [],
        "src": "https://cdn.shopify.com/s/files/1/0865/4245/0981/files/ahcsmxw321.jpg?v=1724229692",
        "width": 760,
        "height": 760
      }
    ],
    "options": [
      {
        "name": "Title",
        "position": 1,
        "values": [
          "Default Title"
        ]
      }
    ]
  },
  {
    "id": 9600284098853,
    "title": "Havells 20A Motor starter Oro",
    "handle": "havells-20a-motor-starter-oro-ahoo202004",
    "body_html": "<p>Keep the water flowing with our efficient pumps and motors. Ideal for various applications, they provide consistent performance and are built to last.</p>",
    "published_at": "2024-08-29T01:10:38-04:00",
    "created_at": "2024-08-29T01:10:38-04:00",
    "updated_at": "2024-12-21T08:36:45-05:00",
    "vendor": "Havells",
    "product_type": "Plumbing",
    "tags": [
      "Electrical & Appliances",
      "Havells",
      "Switches",
      "Switches & Wiring Accessories"
    ],
    "variants": [
      {
        "id": 49595319550245,
        "title": "Default Title",
        "option1": "Default Title",
        "option2": null,
        "option3": null,
        "sku": "AHOO202004",
        "requires_shipping": true,
        "taxable": false,
        "featured_image": null,
        "available": false,
        "price": "0.00",
        "grams": 0,
        "compare_at_price": null,
        "position": 1,
        "product_id": 9600284098853,
        "created_at": "2024-08-29T01:10:39-04:00",
        "updated_at": "2024-12-21T08:36:45-05:00"
      }
    ],
    "images": [
      {
        "id": 47603206390053,
        "created_at": "2024-08-29T01:10:41-04:00",
        "position": 1,
        "updated_at": "2024-08-29T01:10:42-04:00",
        "product_id": 9600284098853,
        "variant_ids": [],
        "src": "https://cdn.shopify.com/s/files/1/0865/4245/0981/files/ahoo202004.jpg?v=1724908242",
        "width": 588,
        "height": 575
      }
    ],
    "options": [
      {
        "name": "Title",
        "position": 1,
        "values": [
          "Default Title"
        ]
      }
    ]
  },
  {
    "id": 9600284033317,
    "title": "Havells 25A motor starter Oro",
    "handle": "havells-25a-motor-starter-oro-ahoo252504",
    "body_html": "<p>Keep the water flowing with our efficient pumps and motors. Ideal for various applications, they provide consistent performance and are built to last.</p>",
    "published_at": "2024-08-29T01:10:32-04:00",
    "created_at": "2024-08-29T01:10:32-04:00",
    "updated_at": "2024-12-21T08:36:45-05:00",
    "vendor": "Havells",
    "product_type": "Plumbing",
    "tags": [
      "Electrical & Appliances",
      "Havells",
      "Switches",
      "Switches & Wiring Accessories"
    ],
    "variants": [
      {
        "id": 49595319353637,
        "title": "Default Title",
        "option1": "Default Title",
        "option2": null,
        "option3": null,
        "sku": "AHOO252504",
        "requires_shipping": true,
        "taxable": false,
        "featured_image": null,
        "available": false,
        "price": "0.00",
        "grams": 0,
        "compare_at_price": null,
        "position": 1,
        "product_id": 9600284033317,
        "created_at": "2024-08-29T01:10:32-04:00",
        "updated_at": "2024-12-21T08:36:45-05:00"
      }
    ],
    "images": [
      {
        "id": 47603205701925,
        "created_at": "2024-08-29T01:10:34-04:00",
        "position": 1,
        "updated_at": "2024-08-29T01:10:36-04:00",
        "product_id": 9600284033317,
        "variant_ids": [],
        "src": "https://cdn.shopify.com/s/files/1/0865/4245/0981/files/ahoo252504_1.jpg?v=1724908236",
        "width": 565,
        "height": 547
      }
    ],
    "options": [
      {
        "name": "Title",
        "position": 1,
        "values": [
          "Default Title"
        ]
      }
    ]
  },
  {
    "id": 9600284000549,
    "title": "Havells 32A motor starter Oro",
    "handle": "havells-32a-motor-starter-oro-ahoo323204",
    "body_html": "<p>Keep the water flowing with our efficient pumps and motors. Ideal for various applications, they provide consistent performance and are built to last.</p>",
    "published_at": "2024-08-29T01:10:26-04:00",
    "created_at": "2024-08-29T01:10:26-04:00",
    "updated_at": "2024-12-21T08:36:45-05:00",
    "vendor": "Havells",
    "product_type": "Plumbing",
    "tags": [
      "Electrical & Appliances",
      "Havells",
      "Switches",
      "Switches & Wiring Accessories"
    ],
    "variants": [
      {
        "id": 49595319320869,
        "title": "Default Title",
        "option1": "Default Title",
        "option2": null,
        "option3": null,
        "sku": "AHOO323204",
        "requires_shipping": true,
        "taxable": false,
        "featured_image": null,
        "available": false,
        "price": "0.00",
        "grams": 0,
        "compare_at_price": null,
        "position": 1,
        "product_id": 9600284000549,
        "created_at": "2024-08-29T01:10:26-04:00",
        "updated_at": "2024-12-21T08:36:45-05:00"
      }
    ],
    "images": [
      {
        "id": 47603205046565,
        "created_at": "2024-08-29T01:10:28-04:00",
        "position": 1,
        "updated_at": "2024-08-29T01:10:30-04:00",
        "product_id": 9600284000549,
        "variant_ids": [],
        "src": "https://cdn.shopify.com/s/files/1/0865/4245/0981/files/ahoo323204.jpg?v=1724908230",
        "width": 603,
        "height": 597
      }
    ],
    "options": [
      {
        "name": "Title",
        "position": 1,
        "values": [
          "Default Title"
        ]
      }
    ]
  },
  {
    "id": 9589245935909,
    "title": "Hindware Bottle Trap 32mm (300Mx190M)",
    "handle": "hindware-f850004pgd-bottle-trap-32mm-300mx190m-pgd",
    "body_html": "<p>Connect with confidence using our high-quality fittings. They ensure leak-proof joints and secure connections, making your plumbing system robust and reliable.</p>",
    "published_at": "2024-08-20T13:17:09-04:00",
    "created_at": "2024-08-20T13:17:09-04:00",
    "updated_at": "2024-12-21T08:36:45-05:00",
    "vendor": "Hindware",
    "product_type": "Plumbing",
    "tags": [
      "Bottle Trap",
      "Hindware",
      "Plumbing & Sanitary",
      "Wash Basin"
    ],
    "variants": [
      {
        "id": 49557322727717,
        "title": "Default Title",
        "option1": "Default Title",
        "option2": null,
        "option3": null,
        "sku": "F850004PGD",
        "requires_shipping": true,
        "taxable": false,
        "featured_image": null,
        "available": false,
        "price": "3190.00",
        "grams": 0,
        "compare_at_price": null,
        "position": 1,
        "product_id": 9589245935909,
        "created_at": "2024-08-20T13:17:09-04:00",
        "updated_at": "2024-12-21T08:36:45-05:00"
      }
    ],
    "images": [
      {
        "id": 47509607940389,
        "created_at": "2024-08-20T13:17:11-04:00",
        "position": 1,
        "updated_at": "2024-08-20T13:17:13-04:00",
        "product_id": 9589245935909,
        "variant_ids": [],
        "src": "https://cdn.shopify.com/s/files/1/0865/4245/0981/files/1cKxgN9_gVc0wvUYco9hZov1ejm2eXVgp.jpg?v=1724174233",
        "width": 300,
        "height": 300
      }
    ],
    "options": [
      {
        "name": "Title",
        "position": 1,
        "values": [
          "Default Title"
        ]
      }
    ]
  },
  {
    "id": 9589245837605,
    "title": "Hindware Bottle Trap 32mm (300Mx190M)",
    "handle": "hindware-f850004rgd-bottle-trap-32mm-300mx190m-rgd",
    "body_html": "<p>Connect with confidence using our high-quality fittings. They ensure leak-proof joints and secure connections, making your plumbing system robust and reliable.</p>",
    "published_at": "2024-08-20T13:17:03-04:00",
    "created_at": "2024-08-20T13:17:03-04:00",
    "updated_at": "2024-12-21T08:36:45-05:00",
    "vendor": "Hindware",
    "product_type": "Plumbing",
    "tags": [
      "Bottle Trap",
      "Hindware",
      "Plumbing & Sanitary",
      "Wash Basin"
    ],
    "variants": [
      {
        "id": 49557322498341,
        "title": "Default Title",
        "option1": "Default Title",
        "option2": null,
        "option3": null,
        "sku": "F850004RGD",
        "requires_shipping": true,
        "taxable": false,
        "featured_image": null,
        "available": false,
        "price": "3590.00",
        "grams": 0,
        "compare_at_price": null,
        "position": 1,
        "product_id": 9589245837605,
        "created_at": "2024-08-20T13:17:03-04:00",
        "updated_at": "2024-12-21T08:36:45-05:00"
      }
    ],
    "images": [
      {
        "id": 47509606400293,
        "created_at": "2024-08-20T13:17:05-04:00",
        "position": 1,
        "updated_at": "2024-08-20T13:17:07-04:00",
        "product_id": 9589245837605,
        "variant_ids": [],
        "src": "https://cdn.shopify.com/s/files/1/0865/4245/0981/files/1T3iq9boLjFBLHNM3jJYU3z_zBH3nyl5J.jpg?v=1724174227",
        "width": 300,
        "height": 300
      }
    ],
    "options": [
      {
        "name": "Title",
        "position": 1,
        "values": [
          "Default Title"
        ]
      }
    ]
  },
  {
    "id": 9589245706533,
    "title": "Hindware Bottle Trap 32mm (300Mx190M)",
    "handle": "hindware-f850004grt-bottle-trap-32mm-300mx190m-grt",
    "body_html": "<p>Connect with confidence using our high-quality fittings. They ensure leak-proof joints and secure connections, making your plumbing system robust and reliable.</p>",
    "published_at": "2024-08-20T13:16:57-04:00",
    "created_at": "2024-08-20T13:16:57-04:00",
    "updated_at": "2024-12-21T08:36:45-05:00",
    "vendor": "Hindware",
    "product_type": "Plumbing",
    "tags": [
      "Bottle Trap",
      "Hindware",
      "Plumbing & Sanitary",
      "Wash Basin"
    ],
    "variants": [
      {
        "id": 49557322170661,
        "title": "Default Title",
        "option1": "Default Title",
        "option2": null,
        "option3": null,
        "sku": "F850004GRT",
        "requires_shipping": true,
        "taxable": false,
        "featured_image": null,
        "available": false,
        "price": "3890.00",
        "grams": 0,
        "compare_at_price": null,
        "position": 1,
        "product_id": 9589245706533,
        "created_at": "2024-08-20T13:16:57-04:00",
        "updated_at": "2024-12-21T08:36:45-05:00"
      }
    ],
    "images": [
      {
        "id": 47509605941541,
        "created_at": "2024-08-20T13:16:59-04:00",
        "position": 1,
        "updated_at": "2024-08-20T13:17:01-04:00",
        "product_id": 9589245706533,
        "variant_ids": [],
        "src": "https://cdn.shopify.com/s/files/1/0865/4245/0981/files/1PqgAz_tL_PvEUSi9rE63E-ircDsUG8yY.jpg?v=1724174221",
        "width": 300,
        "height": 300
      }
    ],
    "options": [
      {
        "name": "Title",
        "position": 1,
        "values": [
          "Default Title"
        ]
      }
    ]
  },
  {
    "id": 9589151531301,
    "title": "Hindware Wall Union With Wall Flange",
    "handle": "hindware-f860054cp-wall-union-with-wall-flange",
    "body_html": "<p>Complete your plumbing setup with our essential accessories. From seals to valves, these components ensure your system runs smoothly and efficiently.</p>",
    "published_at": "2024-08-20T11:55:47-04:00",
    "created_at": "2024-08-20T11:55:47-04:00",
    "updated_at": "2024-12-21T08:36:45-05:00",
    "vendor": "Hindware",
    "product_type": "Plumbing",
    "tags": [
      "Bath Accessories",
      "Faucets & Showers",
      "Hindware"
    ],
    "variants": [
      {
        "id": 49556948713765,
        "title": "Default Title",
        "option1": "Default Title",
        "option2": null,
        "option3": null,
        "sku": "F860054CP",
        "requires_shipping": true,
        "taxable": false,
        "featured_image": null,
        "available": false,
        "price": "575.00",
        "grams": 0,
        "compare_at_price": null,
        "position": 1,
        "product_id": 9589151531301,
        "created_at": "2024-08-20T11:55:47-04:00",
        "updated_at": "2024-12-21T08:36:45-05:00"
      }
    ],
    "images": [
      {
        "id": 47508623130917,
        "created_at": "2024-08-20T11:55:49-04:00",
        "position": 1,
        "updated_at": "2024-08-20T11:55:51-04:00",
        "product_id": 9589151531301,
        "variant_ids": [],
        "src": "https://cdn.shopify.com/s/files/1/0865/4245/0981/files/1CVfTC1c9_dWs-YM_D9cJP-yW_xalm6ex.png?v=1724169351",
        "width": 435,
        "height": 397
      }
    ],
    "options": [
      {
        "name": "Title",
        "position": 1,
        "values": [
          "Default Title"
        ]
      }
    ]
  }
]