[
  {
    "id": 9589245935909,
    "title": "Hindware Bottle Trap 32mm (300Mx190M)",
    "handle": "hindware-f850004pgd-bottle-trap-32mm-300mx190m-pgd",
    "body_html": "<p>Connect with confidence using our high-quality fittings. They ensure leak-proof joints and secure connections, making your plumbing system robust and reliable.</p>",
    "published_at": "2024-08-20T13:17:09-04:00",
    "created_at": "2024-08-20T13:17:09-04:00",
    "updated_at": "2024-12-21T08:36:46-05:00",
    "vendor": "Hindware",
    "product_type": "Plumbing",
    "tags": [
      "Bottle Trap",
      "Hindware",
      "Plumbing & Sanitary",
      "Wash Basin"
    ],
    "variants": [
      {
        "id": 49557322727717,
        "title": "Default Title",
        "option1": "Default Title",
        "option2": null,
        "option3": null,
        "sku": "F850004PGD",
        "requires_shipping": true,
        "taxable": false,
        "featured_image": null,
        "available": false,
        "price": "3190.00",
        "grams": 0,
        "compare_at_price": null,
        "position": 1,
        "product_id": 9589245935909,
        "created_at": "2024-08-20T13:17:09-04:00",
        "updated_at": "2024-12-21T08:36:46-05:00"
      }
    ],
    "images": [
      {
        "id": 47509607940389,
        "created_at": "2024-08-20T13:17:11-04:00",
        "position": 1,
        "updated_at": "2024-08-20T13:17:13-04:00",
        "product_id": 9589245935909,
        "variant_ids": [],
        "src": "https://cdn.shopify.com/s/files/1/0865/4245/0981/files/1cKxgN9_gVc0wvUYco9hZov1ejm2eXVgp.jpg?v=1724174233",
        "width": 300,
        "height": 300
      }
    ],
    "options": [
      {
        "name": "Title",
        "position": 1,
        "values": [
          "Default Title"
        ]
      }
    ]
  },
  {
    "id": 9589245837605,
    "title": "Hindware Bottle Trap 32mm (300Mx190M)",
    "handle": "hindware-f850004rgd-bottle-trap-32mm-300mx190m-rgd",
    "body_html": "<p>Connect with confidence using our high-quality fittings. They ensure leak-proof joints and secure connections, making your plumbing system robust and reliable.</p>",
    "published_at": "2024-08-20T13:17:03-04:00",
    "created_at": "2024-08-20T13:17:03-04:00",
    "updated_at": "2024-12-21T08:36:46-05:00",
    "vendor": "Hindware",
    "product_type": "Plumbing",
    "tags": [
      "Bottle Trap",
      "Hindware",
      "Plumbing & Sanitary",
      "Wash Basin"
    ],
    "variants": [
      {
        "id": 49557322498341,
        "title": "Default Title",
        "option1": "Default Title",
        "option2": null,
        "option3": null,
        "sku": "F850004RGD",
        "requires_shipping": true,
        "taxable": false,
        "featured_image": null,
        "available": false,
        "price": "3590.00",
        "grams": 0,
        "compare_at_price": null,
        "position": 1,
        "product_id": 9589245837605,
        "created_at": "2024-08-20T13:17:03-04:00",
        "updated_at": "2024-12-21T08:36:46-05:00"
      }
    ],
    "images": [
      {
        "id": 47509606400293,
        "created_at": "2024-08-20T13:17:05-04:00",
        "position": 1,
        "updated_at": "2024-08-20T13:17:07-04:00",
        "product_id": 9589245837605,
        "variant_ids": [],
        "src": "https://cdn.shopify.com/s/files/1/0865/4245/0981/files/1T3iq9boLjFBLHNM3jJYU3z_zBH3nyl5J.jpg?v=1724174227",
        "width": 300,
        "height": 300
      }
    ],
    "options": [
      {
        "name": "Title",
        "position": 1,
        "values": [
          "Default Title"
        ]
      }
    ]
  },
  {
    "id": 9589245706533,
    "title": "Hindware Bottle Trap 32mm (300Mx190M)",
    "handle": "hindware-f850004grt-bottle-trap-32mm-300mx190m-grt",
    "body_html": "<p>Connect with confidence using our high-quality fittings. They ensure leak-proof joints and secure connections, making your plumbing system robust and reliable.</p>",
    "published_at": "2024-08-20T13:16:57-04:00",
    "created_at": "2024-08-20T13:16:57-04:00",
    "updated_at": "2024-12-21T08:36:46-05:00",
    "vendor": "Hindware",
    "product_type": "Plumbing",
    "tags": [
      "Bottle Trap",
      "Hindware",
      "Plumbing & Sanitary",
      "Wash Basin"
    ],
    "variants": [
      {
        "id": 49557322170661,
        "title": "Default Title",
        "option1": "Default Title",
        "option2": null,
        "option3": null,
        "sku": "F850004GRT",
        "requires_shipping": true,
        "taxable": false,
        "featured_image": null,
        "available": false,
        "price": "3890.00",
        "grams": 0,
        "compare_at_price": null,
        "position": 1,
        "product_id": 9589245706533,
        "created_at": "2024-08-20T13:16:57-04:00",
        "updated_at": "2024-12-21T08:36:46-05:00"
      }
    ],
    "images": [
      {
        "id": 47509605941541,
        "created_at": "2024-08-20T13:16:59-04:00",
        "position": 1,
        "updated_at": "2024-08-20T13:17:01-04:00",
        "product_id": 9589245706533,
        "variant_ids": [],
        "src": "https://cdn.shopify.com/s/files/1/0865/4245/0981/files/1PqgAz_tL_PvEUSi9rE63E-ircDsUG8yY.jpg?v=1724174221",
        "width": 300,
        "height": 300
      }
    ],
    "options": [
      {
        "name": "Title",
        "position": 1,
        "values": [
          "Default Title"
        ]
      }
    ]
  }
]